year,prefecture_jp,population,male,female
2021,北海道,5183000,2446000,2737000
2021,青森県,1221000,575000,646000
2021,岩手県,1196000,577000,620000
2021,宮城県,2290000,1117000,1174000
2021,秋田県,945000,446000,499000
2021,山形県,1055000,511000,544000
2021,福島県,1812000,894000,918000
2021,茨城県,2852000,1423000,1428000
2021,栃木県,1921000,958000,963000
2021,群馬県,1927000,953000,974000
2021,埼玉県,7340000,3646000,3694000
2021,千葉県,6275000,3111000,3164000
2021,東京都,14010000,6875000,7135000
2021,神奈川県,9236000,4584000,4652000
2021,新潟県,2177000,1057000,1120000
2021,富山県,1025000,498000,527000
2021,石川県,1125000,546000,579000
2021,福井県,760000,371000,389000
2021,山梨県,805000,395000,410000
2021,長野県,2033000,994000,1040000
2021,岐阜県,1961000,952000,1009000
2021,静岡県,3608000,1778000,1829000
2021,愛知県,7517000,3746000,3771000
2021,三重県,1756000,857000,898000
2021,滋賀県,1411000,696000,715000
2021,京都府,2561000,1223000,1339000
2021,大阪府,8806000,4216000,4590000
2021,兵庫県,5432000,2582000,2850000
2021,奈良県,1315000,619000,696000
2021,和歌山県,914000,431000,483000
2021,鳥取県,549000,262000,286000
2021,島根県,665000,322000,343000
2021,岡山県,1876000,902000,974000
2021,広島県,2780000,1347000,1432000
2021,山口県,1328000,630000,697000
2021,徳島県,712000,340000,372000
2021,香川県,942000,455000,487000
2021,愛媛県,1321000,627000,694000
2021,高知県,684000,323000,361000
2021,福岡県,5124000,2425000,2698000
2021,佐賀県,806000,382000,424000
2021,長崎県,1297000,610000,687000
2021,熊本県,1728000,818000,910000
2021,大分県,1114000,529000,585000
2021,宮崎県,1061000,501000,560000
2021,鹿児島県,1576000,743000,833000
2021,沖縄県,1468000,723000,745000
2020,北海道,5224614,2465088,2759526
2020,青森県,1237984,583402,654582
2020,岩手県,1210534,582952,627582
2020,宮城県,2301996,1122598,1179398
2020,秋田県,959502,452439,507063
2020,山形県,1068027,516438,551589
2020,福島県,1833152,903864,929288
2020,茨城県,2867009,1430976,1436033
2020,栃木県,1933146,964930,968216
2020,群馬県,1939110,959411,979699
2020,埼玉県,7344765,3652169,3692596
2020,千葉県,6284480,3117987,3166493
2020,東京都,14047594,6898388,7149206
2020,神奈川県,9237337,4588268,4649069
2020,新潟県,2201272,1068670,1132602
2020,富山県,1034814,502637,532177
2020,石川県,1132526,549771,582755
2020,福井県,766863,373973,392890
2020,山梨県,809974,397309,412665
2020,長野県,2048011,1000389,1047622
2020,岐阜県,1978742,960436,1018306
2020,静岡県,3633202,1791118,1842084
2020,愛知県,7542415,3761502,3780913
2020,三重県,1770254,864475,905779
2020,滋賀県,1413610,697429,716181
2020,京都府,2578087,1231468,1346619
2020,大阪府,8837685,4235956,4601729
2020,兵庫県,5465002,2599756,2865246
2020,奈良県,1324473,623926,700547
2020,和歌山県,922584,435051,487533
2020,鳥取県,553407,264432,288975
2020,島根県,671126,324291,346835
2020,岡山県,1888432,908045,980387
2020,広島県,2799702,1357156,1442546
2020,山口県,1342059,636736,705323
2020,徳島県,719559,343265,376294
2020,香川県,950244,459197,491047
2020,愛媛県,1334841,633062,701779
2020,高知県,691527,326531,364996
2020,福岡県,5135214,2430951,2704263
2020,佐賀県,811442,384451,426991
2020,長崎県,1312317,616912,695405
2020,熊本県,1738301,822481,915820
2020,大分県,1123852,533414,590438
2020,宮崎県,1069576,504763,564813
2020,鹿児島県,1588256,748306,839950
2020,沖縄県,1467480,722812,744668
2019,北海道,5259000,2480000,2780000
2019,青森県,1253000,590000,663000
2019,岩手県,1226000,590000,636000
2019,宮城県,2312000,1128000,1184000
2019,秋田県,972000,458000,514000
2019,山形県,1080000,522000,558000
2019,福島県,1852000,914000,938000
2019,茨城県,2879000,1437000,1442000
2019,栃木県,1943000,970000,974000
2019,群馬県,1949000,964000,984000
2019,埼玉県,7342000,3657000,3685000
2019,千葉県,6283000,3120000,3162000
2019,東京都,14007000,6889000,7118000
2019,神奈川県,9224000,4589000,4635000
2019,新潟県,2224000,1079000,1145000
2019,富山県,1043000,506000,537000
2019,石川県,1139000,553000,586000
2019,福井県,771000,376000,396000
2019,山梨県,815000,400000,415000
2019,長野県,2061000,1007000,1054000
2019,岐阜県,1992000,967000,1025000
2019,静岡県,3653000,1802000,1851000
2019,愛知県,7557000,3777000,3780000
2019,三重県,1783000,871000,912000
2019,滋賀県,1416000,699000,717000
2019,京都府,2592000,1239000,1353000
2019,大阪府,8842000,4243000,4599000
2019,兵庫県,5488000,2614000,2874000
2019,奈良県,1333000,628000,705000
2019,和歌山県,931000,439000,492000
2019,鳥取県,557000,266000,291000
2019,島根県,677000,327000,350000
2019,岡山県,1897000,912000,985000
2019,広島県,2813000,1364000,1449000
2019,山口県,1357000,644000,713000
2019,徳島県,728000,347000,381000
2019,香川県,958000,463000,494000
2019,愛媛県,1346000,638000,708000
2019,高知県,699000,330000,369000
2019,福岡県,5134000,2431000,2703000
2019,佐賀県,817000,387000,430000
2019,長崎県,1327000,624000,703000
2019,熊本県,1749000,828000,922000
2019,大分県,1134000,538000,596000
2019,宮崎県,1077000,508000,569000
2019,鹿児島県,1602000,754000,848000
2019,沖縄県,1462000,719000,742000
2018,北海道,5293000,2495000,2798000
2018,青森県,1268000,597000,671000
2018,岩手県,1240000,597000,643000
2018,宮城県,2320000,1132000,1187000
2018,秋田県,985000,464000,522000
2018,山形県,1092000,527000,565000
2018,福島県,1869000,922000,946000
2018,茨城県,2892000,1443000,1449000
2018,栃木県,1953000,974000,979000
2018,群馬県,1957000,967000,990000
2018,埼玉県,7325000,3650000,3675000
2018,千葉県,6273000,3117000,3156000
2018,東京都,13887000,6835000,7053000
2018,神奈川県,9197000,4579000,4618000
2018,新潟県,2246000,1090000,1157000
2018,富山県,1050000,510000,541000
2018,石川県,1145000,555000,590000
2018,福井県,777000,378000,399000
2018,山梨県,821000,402000,418000
2018,長野県,2073000,1012000,1061000
2018,岐阜県,2001000,971000,1031000
2018,静岡県,3667000,1807000,1859000
2018,愛知県,7541000,3768000,3772000
2018,三重県,1793000,875000,918000
2018,滋賀県,1414000,698000,716000
2018,京都府,2598000,1241000,1356000
2018,大阪府,8838000,4245000,4594000
2018,兵庫県,5501000,2621000,2880000
2018,奈良県,1341000,632000,709000
2018,和歌山県,940000,443000,497000
2018,鳥取県,562000,268000,293000
2018,島根県,682000,329000,353000
2018,岡山県,1904000,914000,989000
2018,広島県,2824000,1369000,1455000
2018,山口県,1369000,649000,720000
2018,徳島県,736000,351000,385000
2018,香川県,963000,466000,498000
2018,愛媛県,1357000,642000,715000
2018,高知県,707000,333000,374000
2018,福岡県,5131000,2428000,2703000
2018,佐賀県,821000,388000,432000
2018,長崎県,1341000,630000,711000
2018,熊本県,1759000,831000,928000
2018,大分県,1143000,541000,602000
2018,宮崎県,1084000,511000,573000
2018,鹿児島県,1614000,759000,855000
2018,沖縄県,1454000,715000,739000
2017,北海道,5325000,2510000,2815000
2017,青森県,1282000,603000,679000
2017,岩手県,1254000,603000,651000
2017,宮城県,2326000,1136000,1190000
2017,秋田県,999000,470000,529000
2017,山形県,1103000,531000,571000
2017,福島県,1886000,931000,954000
2017,茨城県,2902000,1448000,1454000
2017,栃木県,1962000,977000,985000
2017,群馬県,1963000,970000,993000
2017,埼玉県,7307000,3643000,3664000
2017,千葉県,6258000,3111000,3147000
2017,東京都,13768000,6782000,6985000
2017,神奈川県,9173000,4571000,4602000
2017,新潟県,2267000,1099000,1168000
2017,富山県,1056000,512000,545000
2017,石川県,1148000,557000,592000
2017,福井県,780000,379000,401000
2017,山梨県,826000,404000,421000
2017,長野県,2082000,1016000,1067000
2017,岐阜県,2012000,975000,1037000
2017,静岡県,3681000,1813000,1868000
2017,愛知県,7528000,3763000,3765000
2017,三重県,1801000,877000,924000
2017,滋賀県,1414000,697000,717000
2017,京都府,2604000,1245000,1359000
2017,大阪府,8841000,4249000,4591000
2017,兵庫県,5515000,2629000,2886000
2017,奈良県,1349000,636000,713000
2017,和歌山県,948000,446000,502000
2017,鳥取県,566000,270000,296000
2017,島根県,687000,330000,356000
2017,岡山県,1911000,917000,994000
2017,広島県,2833000,1373000,1460000
2017,山口県,1382000,655000,728000
2017,徳島県,744000,354000,389000
2017,香川県,968000,468000,500000
2017,愛媛県,1368000,647000,721000
2017,高知県,714000,337000,378000
2017,福岡県,5123000,2423000,2700000
2017,佐賀県,825000,390000,435000
2017,長崎県,1355000,636000,719000
2017,熊本県,1767000,834000,933000
2017,大分県,1152000,545000,607000
2017,宮崎県,1091000,514000,577000
2017,鹿児島県,1626000,764000,862000
2017,沖縄県,1448000,712000,736000
2016,北海道,5355000,2523000,2831000
2016,青森県,1295000,609000,686000
2016,岩手県,1268000,610000,658000
2016,宮城県,2332000,1139000,1192000
2016,秋田県,1011000,475000,536000
2016,山形県,1114000,536000,578000
2016,福島県,1903000,940000,962000
2016,茨城県,2910000,1451000,1459000
2016,栃木県,1969000,979000,989000
2016,群馬県,1969000,972000,997000
2016,埼玉県,7288000,3637000,3652000
2016,千葉県,6242000,3104000,3138000
2016,東京都,13646000,6728000,6918000
2016,神奈川県,9152000,4566000,4585000
2016,新潟県,2286000,1107000,1179000
2016,富山県,1061000,513000,548000
2016,石川県,1151000,558000,594000
2016,福井県,783000,380000,403000
2016,山梨県,831000,407000,424000
2016,長野県,2091000,1019000,1072000
2016,岐阜県,2024000,980000,1043000
2016,静岡県,3690000,1817000,1874000
2016,愛知県,7509000,3755000,3754000
2016,三重県,1809000,881000,928000
2016,滋賀県,1414000,697000,716000
2016,京都府,2608000,1247000,1361000
2016,大阪府,8841000,4254000,4588000
2016,兵庫県,5526000,2636000,2890000
2016,奈良県,1357000,640000,717000
2016,和歌山県,956000,450000,506000
2016,鳥取県,570000,272000,298000
2016,島根県,691000,332000,359000
2016,岡山県,1917000,920000,997000
2016,広島県,2840000,1376000,1464000
2016,山口県,1394000,660000,734000
2016,徳島県,750000,357000,393000
2016,香川県,973000,471000,502000
2016,愛媛県,1377000,651000,726000
2016,高知県,721000,339000,382000
2016,福岡県,5113000,2417000,2696000
2016,佐賀県,829000,391000,437000
2016,長崎県,1367000,642000,725000
2016,熊本県,1775000,837000,938000
2016,大分県,1160000,549000,611000
2016,宮崎県,1097000,516000,581000
2016,鹿児島県,1637000,768000,869000
2016,沖縄県,1442000,709000,733000
2015,北海道,5381733,2537089,2844644
2015,青森県,1308265,614694,693571
2015,岩手県,1279594,615584,664010
2015,宮城県,2333899,1140167,1193732
2015,秋田県,1023119,480336,542783
2015,山形県,1123891,540226,583665
2015,福島県,1914039,945660,968379
2015,茨城県,2916976,1453594,1463382
2015,栃木県,1974255,981626,992629
2015,群馬県,1973115,973283,999832
2015,埼玉県,7266534,3628418,3638116
2015,千葉県,6222666,3095860,3126806
2015,東京都,13515271,6666690,6848581
2015,神奈川県,9126214,4558978,4567236
2015,新潟県,2304264,1115413,1188851
2015,富山県,1066328,515147,551181
2015,石川県,1154008,558589,595419
2015,福井県,786740,381474,405266
2015,山梨県,834930,408327,426603
2015,長野県,2098804,1022129,1076675
2015,岐阜県,2031903,983850,1048053
2015,静岡県,3700305,1820993,1879312
2015,愛知県,7483128,3740844,3742284
2015,三重県,1815865,883516,932349
2015,滋賀県,1412916,696941,715975
2015,京都府,2610353,1248972,1361381
2015,大阪府,8839469,4256049,4583420
2015,兵庫県,5534800,2641561,2893239
2015,奈良県,1364316,643946,720370
2015,和歌山県,963579,453216,510363
2015,鳥取県,573441,273705,299736
2015,島根県,694352,333112,361240
2015,岡山県,1921525,922226,999299
2015,広島県,2843990,1376211,1467779
2015,山口県,1404729,665008,739721
2015,徳島県,755733,359790,395943
2015,香川県,976263,472308,503955
2015,愛媛県,1385262,654380,730882
2015,高知県,728276,342672,385604
2015,福岡県,5101556,2410418,2691138
2015,佐賀県,832832,393073,439759
2015,長崎県,1377187,645763,731424
2015,熊本県,1786170,841046,945124
2015,大分県,1166338,551932,614406
2015,宮崎県,1104069,519242,584827
2015,鹿児島県,1648177,773061,875116
2015,沖縄県,1433566,704619,728947
2014,北海道,5410000,2551000,2859000
2014,青森県,1323000,622000,701000
2014,岩手県,1290000,620000,670000
2014,宮城県,2335000,1140000,1195000
2014,秋田県,1037000,487000,550000
2014,山形県,1134000,545000,589000
2014,福島県,1927000,948000,979000
2014,茨城県,2927000,1458000,1469000
2014,栃木県,1980000,984000,996000
2014,群馬県,1979000,975000,1004000
2014,埼玉県,7247000,3621000,3626000
2014,千葉県,6209000,3089000,3119000
2014,東京都,13399000,6612000,6788000
2014,神奈川県,9103000,4551000,4552000
2014,新潟県,2320000,1123000,1198000
2014,富山県,1072000,517000,554000
2014,石川県,1157000,560000,597000
2014,福井県,791000,383000,408000
2014,山梨県,841000,411000,430000
2014,長野県,2110000,1027000,1083000
2014,岐阜県,2043000,989000,1054000
2014,静岡県,3715000,1828000,1886000
2014,愛知県,7464000,3729000,3734000
2014,三重県,1826000,888000,937000
2014,滋賀県,1414000,698000,717000
2014,京都府,2616000,1252000,1363000
2014,大阪府,8845000,4262000,4583000
2014,兵庫県,5550000,2650000,2900000
2014,奈良県,1373000,648000,724000
2014,和歌山県,972000,457000,515000
2014,鳥取県,577000,275000,302000
2014,島根県,699000,335000,364000
2014,岡山県,1926000,924000,1002000
2014,広島県,2846000,1376000,1471000
2014,山口県,1415000,669000,746000
2014,徳島県,763000,363000,400000
2014,香川県,980000,474000,507000
2014,愛媛県,1396000,659000,737000
2014,高知県,736000,346000,390000
2014,福岡県,5099000,2409000,2691000
2014,佐賀県,837000,395000,442000
2014,長崎県,1387000,649000,738000
2014,熊本県,1795000,845000,950000
2014,大分県,1173000,555000,618000
2014,宮崎県,1112000,523000,589000
2014,鹿児島県,1662000,778000,883000
2014,沖縄県,1426000,700000,725000
2013,北海道,5438000,2565000,2873000
2013,青森県,1337000,628000,708000
2013,岩手県,1299000,623000,676000
2013,宮城県,2333000,1138000,1196000
2013,秋田県,1050000,493000,557000
2013,山形県,1144000,549000,595000
2013,福島県,1940000,951000,989000
2013,茨城県,2937000,1464000,1474000
2013,栃木県,1986000,986000,1000000
2013,群馬県,1986000,978000,1008000
2013,埼玉県,7228000,3614000,3614000
2013,千葉県,6201000,3085000,3116000
2013,東京都,13307000,6569000,6738000
2013,神奈川県,9084000,4546000,4538000
2013,新潟県,2336000,1130000,1206000
2013,富山県,1077000,520000,558000
2013,石川県,1160000,561000,599000
2013,福井県,796000,385000,410000
2013,山梨県,847000,414000,433000
2013,長野県,2122000,1033000,1090000
2013,岐阜県,2053000,994000,1059000
2013,静岡県,3730000,1836000,1894000
2013,愛知県,7449000,3722000,3727000
2013,三重県,1833000,892000,941000
2013,滋賀県,1415000,699000,717000
2013,京都府,2622000,1256000,1366000
2013,大阪府,8856000,4271000,4585000
2013,兵庫県,5565000,2659000,2906000
2013,奈良県,1381000,653000,728000
2013,和歌山県,980000,461000,519000
2013,鳥取県,580000,277000,303000
2013,島根県,704000,337000,367000
2013,岡山県,1932000,927000,1005000
2013,広島県,2850000,1376000,1473000
2013,山口県,1425000,673000,752000
2013,徳島県,769000,366000,403000
2013,香川県,985000,475000,510000
2013,愛媛県,1406000,663000,743000
2013,高知県,743000,349000,394000
2013,福岡県,5096000,2406000,2690000
2013,佐賀県,841000,397000,445000
2013,長崎県,1397000,653000,744000
2013,熊本県,1801000,847000,954000
2013,大分県,1180000,558000,622000
2013,宮崎県,1119000,526000,593000
2013,鹿児島県,1675000,784000,891000
2013,沖縄県,1419000,697000,722000
2012,北海道,5465000,2580000,2886000
2012,青森県,1350000,635000,716000
2012,岩手県,1306000,625000,680000
2012,宮城県,2329000,1134000,1195000
2012,秋田県,1063000,499000,564000
2012,山形県,1153000,554000,600000
2012,福島県,1957000,956000,1001000
2012,茨城県,2947000,1469000,1478000
2012,栃木県,1992000,989000,1003000
2012,群馬県,1994000,982000,1012000
2012,埼玉県,7216000,3612000,3604000
2012,千葉県,6200000,3087000,3113000
2012,東京都,13234000,6538000,6697000
2012,神奈川県,9070000,4544000,4526000
2012,新潟県,2350000,1137000,1214000
2012,富山県,1083000,523000,561000
2012,石川県,1164000,562000,601000
2012,福井県,800000,387000,412000
2012,山梨県,852000,417000,435000
2012,長野県,2132000,1037000,1095000
2012,岐阜県,2062000,998000,1064000
2012,静岡県,3739000,1841000,1898000
2012,愛知県,7431000,3713000,3718000
2012,三重県,1841000,896000,945000
2012,滋賀県,1414000,698000,716000
2012,京都府,2628000,1260000,1368000
2012,大阪府,8861000,4277000,4584000
2012,兵庫県,5575000,2665000,2910000
2012,奈良県,1388000,656000,732000
2012,和歌山県,988000,465000,524000
2012,鳥取県,583000,278000,305000
2012,島根県,708000,339000,369000
2012,岡山県,1937000,929000,1008000
2012,広島県,2855000,1379000,1476000
2012,山口県,1434000,677000,757000
2012,徳島県,775000,368000,406000
2012,香川県,989000,477000,512000
2012,愛媛県,1415000,666000,749000
2012,高知県,751000,352000,398000
2012,福岡県,5089000,2402000,2687000
2012,佐賀県,845000,398000,447000
2012,長崎県,1408000,658000,750000
2012,熊本県,1807000,850000,958000
2012,大分県,1186000,561000,626000
2012,宮崎県,1125000,529000,597000
2012,鹿児島県,1687000,789000,898000
2012,沖縄県,1411000,693000,719000
2011,北海道,5488000,2593000,2896000
2011,青森県,1363000,641000,722000
2011,岩手県,1315000,628000,686000
2011,宮城県,2326000,1130000,1196000
2011,秋田県,1075000,505000,570000
2011,山形県,1162000,558000,604000
2011,福島県,1988000,968000,1020000
2011,茨城県,2960000,1475000,1485000
2011,栃木県,2000000,993000,1007000
2011,群馬県,2001000,985000,1016000
2011,埼玉県,7209000,3612000,3597000
2011,千葉県,6217000,3097000,3120000
2011,東京都,13198000,6524000,6674000
2011,神奈川県,9060000,4544000,4516000
2011,新潟県,2364000,1143000,1221000
2011,富山県,1088000,525000,564000
2011,石川県,1167000,564000,603000
2011,福井県,803000,389000,415000
2011,山梨県,857000,420000,438000
2011,長野県,2142000,1042000,1101000
2011,岐阜県,2071000,1003000,1069000
2011,静岡県,3752000,1847000,1904000
2011,愛知県,7418000,3707000,3712000
2011,三重県,1847000,900000,948000
2011,滋賀県,1413000,698000,715000
2011,京都府,2633000,1263000,1370000
2011,大阪府,8863000,4281000,4582000
2011,兵庫県,5584000,2670000,2914000
2011,奈良県,1395000,660000,735000
2011,和歌山県,995000,468000,527000
2011,鳥取県,586000,280000,306000
2011,島根県,713000,341000,372000
2011,岡山県,1941000,931000,1010000
2011,広島県,2858000,1380000,1478000
2011,山口県,1444000,681000,763000
2011,徳島県,780000,370000,410000
2011,香川県,992000,478000,513000
2011,愛媛県,1424000,670000,753000
2011,高知県,758000,356000,402000
2011,福岡県,5081000,2399000,2683000
2011,佐賀県,847000,399000,448000
2011,長崎県,1418000,662000,756000
2011,熊本県,1813000,852000,961000
2011,大分県,1192000,563000,629000
2011,宮崎県,1130000,531000,600000
2011,鹿児島県,1697000,793000,904000
2011,沖縄県,1402000,688000,714000
2010,北海道,5506419,2603345,2903074
2010,青森県,1373339,646141,727198
2010,岩手県,1330147,634971,695176
2010,宮城県,2348165,1139566,1208599
2010,秋田県,1085997,509926,576071
2010,山形県,1168924,560643,608281
2010,福島県,2029064,984682,1044382
2010,茨城県,2969770,1479779,1489991
2010,栃木県,2007683,996855,1010828
2010,群馬県,2008068,988019,1020049
2010,埼玉県,7194556,3608711,3585845
2010,千葉県,6216289,3098139,3118150
2010,東京都,13159388,6512110,6647278
2010,神奈川県,9048331,4544545,4503786
2010,新潟県,2374450,1148236,1226214
2010,富山県,1093247,526605,566642
2010,石川県,1169788,564972,604816
2010,福井県,806314,389712,416602
2010,山梨県,863075,422526,440549
2010,長野県,2152449,1046178,1106271
2010,岐阜県,2080773,1006247,1074526
2010,静岡県,3765007,1853952,1911055
2010,愛知県,7410719,3704220,3706499
2010,三重県,1854724,903398,951326
2010,滋賀県,1410777,696769,714008
2010,京都府,2636092,1265387,1370705
2010,大阪府,8865245,4285566,4579679
2010,兵庫県,5588133,2673328,2914805
2010,奈良県,1400728,663321,737407
2010,和歌山県,1002198,471397,530801
2010,鳥取県,588667,280701,307966
2010,島根県,717397,342991,374406
2010,岡山県,1945276,933168,1012108
2010,広島県,2860750,1380671,1480079
2010,山口県,1451338,684176,767162
2010,徳島県,785491,372710,412781
2010,香川県,995842,479951,515891
2010,愛媛県,1431493,673326,758167
2010,高知県,764456,359134,405322
2010,福岡県,5071968,2393965,2678003
2010,佐賀県,849788,400136,449652
2010,長崎県,1426779,665899,760880
2010,熊本県,1817426,853514,963912
2010,大分県,1196529,564890,631639
2010,宮崎県,1135233,533035,602198
2010,鹿児島県,1706242,796896,909346
2010,沖縄県,1392818,683328,709490
2009,北海道,5524000,2612000,2911000
2009,青森県,1383000,651000,732000
2009,岩手県,1340000,640000,700000
2009,宮城県,2348000,1139000,1208000
2009,秋田県,1097000,515000,581000
2009,山形県,1178000,565000,613000
2009,福島県,2041000,990000,1051000
2009,茨城県,2970000,1479000,1490000
2009,栃木県,2011000,999000,1012000
2009,群馬県,2014000,991000,1023000
2009,埼玉県,7161000,3597000,3565000
2009,千葉県,6180000,3083000,3097000
2009,東京都,13048000,6471000,6577000
2009,神奈川県,9006000,4533000,4473000
2009,新潟県,2385000,1153000,1232000
2009,富山県,1098000,529000,569000
2009,石川県,1171000,565000,605000
2009,福井県,810000,391000,418000
2009,山梨県,867000,424000,443000
2009,長野県,2162000,1051000,1111000
2009,岐阜県,2091000,1012000,1079000
2009,静岡県,3783000,1864000,1919000
2009,愛知県,7411000,3712000,3700000
2009,三重県,1864000,908000,956000
2009,滋賀県,1409000,696000,713000
2009,京都府,2637000,1266000,1371000
2009,大阪府,8855000,4284000,4571000
2009,兵庫県,5591000,2677000,2914000
2009,奈良県,1404000,665000,738000
2009,和歌山県,1008000,474000,534000
2009,鳥取県,592000,282000,310000
2009,島根県,721000,344000,377000
2009,岡山県,1949000,935000,1014000
2009,広島県,2864000,1383000,1481000
2009,山口県,1459000,688000,771000
2009,徳島県,790000,375000,415000
2009,香川県,999000,481000,518000
2009,愛媛県,1438000,676000,762000
2009,高知県,769000,361000,408000
2009,福岡県,5064000,2391000,2672000
2009,佐賀県,853000,401000,451000
2009,長崎県,1434000,669000,765000
2009,熊本県,1821000,855000,966000
2009,大分県,1200000,567000,634000
2009,宮崎県,1138000,534000,603000
2009,鹿児島県,1712000,799000,913000
2009,沖縄県,1385000,679000,706000
2008,北海道,5548000,2626000,2922000
2008,青森県,1395000,657000,738000
2008,岩手県,1352000,646000,706000
2008,宮城県,2349000,1140000,1209000
2008,秋田県,1109000,521000,587000
2008,山形県,1188000,570000,618000
2008,福島県,2054000,997000,1057000
2008,茨城県,2971000,1479000,1492000
2008,栃木県,2015000,1001000,1014000
2008,群馬県,2017000,993000,1024000
2008,埼玉県,7136000,3588000,3549000
2008,千葉県,6153000,3071000,3082000
2008,東京都,12973000,6444000,6529000
2008,神奈川県,8965000,4519000,4446000
2008,新潟県,2396000,1159000,1237000
2008,富山県,1103000,532000,571000
2008,石川県,1172000,566000,606000
2008,福井県,814000,394000,420000
2008,山梨県,871000,426000,445000
2008,長野県,2173000,1056000,1116000
2008,岐阜県,2100000,1017000,1083000
2008,静岡県,3793000,1870000,1923000
2008,愛知県,7399000,3711000,3688000
2008,三重県,1871000,912000,959000
2008,滋賀県,1405000,695000,710000
2008,京都府,2640000,1268000,1372000
2008,大阪府,8847000,4283000,4564000
2008,兵庫県,5592000,2678000,2914000
2008,奈良県,1407000,668000,740000
2008,和歌山県,1014000,477000,537000
2008,鳥取県,596000,284000,312000
2008,島根県,727000,347000,380000
2008,岡山県,1953000,937000,1016000
2008,広島県,2870000,1386000,1483000
2008,山口県,1466000,691000,775000
2008,徳島県,795000,377000,417000
2008,香川県,1003000,483000,520000
2008,愛媛県,1445000,680000,765000
2008,高知県,775000,364000,412000
2008,福岡県,5062000,2393000,2670000
2008,佐賀県,856000,403000,453000
2008,長崎県,1443000,673000,770000
2008,熊本県,1826000,858000,968000
2008,大分県,1204000,569000,636000
2008,宮崎県,1141000,536000,605000
2008,鹿児島県,1721000,803000,918000
2008,沖縄県,1378000,675000,703000
2007,北海道,5579000,2644000,2935000
2007,青森県,1409000,664000,745000
2007,岩手県,1364000,652000,712000
2007,宮城県,2354000,1144000,1210000
2007,秋田県,1121000,528000,593000
2007,山形県,1198000,575000,623000
2007,福島県,2067000,1004000,1063000
2007,茨城県,2973000,1480000,1493000
2007,栃木県,2016000,1002000,1014000
2007,群馬県,2020000,994000,1025000
2007,埼玉県,7106000,3576000,3530000
2007,千葉県,6119000,3056000,3063000
2007,東京都,12848000,6388000,6461000
2007,神奈川県,8912000,4497000,4415000
2007,新潟県,2408000,1165000,1243000
2007,富山県,1107000,534000,573000
2007,石川県,1173000,566000,606000
2007,福井県,817000,395000,422000
2007,山梨県,877000,430000,447000
2007,長野県,2182000,1061000,1121000
2007,岐阜県,2104000,1018000,1085000
2007,静岡県,3796000,1872000,1924000
2007,愛知県,7357000,3691000,3666000
2007,三重県,1873000,912000,961000
2007,滋賀県,1398000,691000,707000
2007,京都府,2643000,1270000,1373000
2007,大阪府,8839000,4282000,4557000
2007,兵庫県,5593000,2679000,2914000
2007,奈良県,1413000,671000,742000
2007,和歌山県,1021000,480000,541000
2007,鳥取県,601000,287000,314000
2007,島根県,733000,349000,383000
2007,岡山県,1956000,938000,1017000
2007,広島県,2874000,1389000,1485000
2007,山口県,1476000,695000,780000
2007,徳島県,800000,380000,420000
2007,香川県,1006000,484000,522000
2007,愛媛県,1453000,684000,769000
2007,高知県,783000,367000,415000
2007,福岡県,5061000,2395000,2666000
2007,佐賀県,860000,405000,455000
2007,長崎県,1455000,680000,776000
2007,熊本県,1832000,861000,971000
2007,大分県,1206000,569000,637000
2007,宮崎県,1146000,538000,607000
2007,鹿児島県,1733000,809000,924000
2007,沖縄県,1374000,674000,700000
2006,北海道,5605000,2661000,2944000
2006,青森県,1424000,672000,752000
2006,岩手県,1375000,658000,717000
2006,宮城県,2358000,1147000,1211000
2006,秋田県,1134000,535000,599000
2006,山形県,1207000,580000,627000
2006,福島県,2080000,1011000,1069000
2006,茨城県,2974000,1480000,1494000
2006,栃木県,2016000,1002000,1015000
2006,群馬県,2022000,996000,1026000
2006,埼玉県,7079000,3564000,3515000
2006,千葉県,6084000,3041000,3043000
2006,東京都,12704000,6322000,6382000
2006,神奈川県,8846000,4467000,4379000
2006,新潟県,2420000,1171000,1249000
2006,富山県,1110000,535000,575000
2006,石川県,1173000,566000,607000
2006,福井県,820000,396000,423000
2006,山梨県,880000,431000,449000
2006,長野県,2189000,1065000,1124000
2006,岐阜県,2105000,1019000,1086000
2006,静岡県,3795000,1871000,1924000
2006,愛知県,7307000,3666000,3641000
2006,三重県,1872000,910000,961000
2006,滋賀県,1390000,687000,703000
2006,京都府,2646000,1272000,1374000
2006,大阪府,8828000,4281000,4547000
2006,兵庫県,5592000,2679000,2913000
2006,奈良県,1417000,673000,743000
2006,和歌山県,1029000,484000,545000
2006,鳥取県,604000,289000,316000
2006,島根県,737000,351000,386000
2006,岡山県,1956000,939000,1018000
2006,広島県,2875000,1389000,1486000
2006,山口県,1484000,700000,785000
2006,徳島県,806000,382000,423000
2006,香川県,1009000,485000,524000
2006,愛媛県,1460000,688000,773000
2006,高知県,790000,371000,419000
2006,福岡県,5057000,2396000,2661000
2006,佐賀県,863000,406000,456000
2006,長崎県,1467000,685000,782000
2006,熊本県,1838000,864000,974000
2006,大分県,1207000,569000,638000
2006,宮崎県,1150000,540000,609000
2006,鹿児島県,1744000,815000,929000
2006,沖縄県,1369000,672000,697000
2005,北海道,5627737,2675033,2952704
2005,青森県,1436657,679077,757580
2005,岩手県,1385041,663580,721461
2005,宮城県,2360218,1149172,1211046
2005,秋田県,1145501,540539,604962
2005,山形県,1216181,585023,631158
2005,福島県,2091319,1016724,1074595
2005,茨城県,2975167,1479941,1495226
2005,栃木県,2016631,1002114,1014517
2005,群馬県,2024135,996346,1027789
2005,埼玉県,7054243,3554843,3499400
2005,千葉県,6056462,3029486,3026976
2005,東京都,12576601,6264895,6311706
2005,神奈川県,8791597,4444555,4347042
2005,新潟県,2431459,1176919,1254540
2005,富山県,1111729,535617,576112
2005,石川県,1174026,567060,606966
2005,福井県,821592,397271,424321
2005,山梨県,884515,433569,450946
2005,長野県,2196114,1068203,1127911
2005,岐阜県,2107226,1020570,1086656
2005,静岡県,3792377,1868458,1923919
2005,愛知県,7254704,3638994,3615710
2005,三重県,1866963,907214,959749
2005,滋賀県,1380361,681474,698887
2005,京都府,2647660,1272993,1374667
2005,大阪府,8817166,4280622,4536544
2005,兵庫県,5590601,2680288,2910313
2005,奈良県,1421310,676375,744935
2005,和歌山県,1035969,488022,547947
2005,鳥取県,607012,290190,316822
2005,島根県,742223,353703,388520
2005,岡山県,1957264,938600,1018664
2005,広島県,2876642,1390190,1486452
2005,山口県,1492606,703721,788885
2005,徳島県,809950,384635,425315
2005,香川県,1012400,486108,526292
2005,愛媛県,1467815,691677,776138
2005,高知県,796292,374435,421857
2005,福岡県,5049908,2394094,2655814
2005,佐賀県,866369,408230,458139
2005,長崎県,1478632,691444,787188
2005,熊本県,1842233,866916,975317
2005,大分県,1209571,569796,639775
2005,宮崎県,1153042,542113,610929
2005,鹿児島県,1753179,819646,933533
2005,沖縄県,1361594,668502,693092
2004,北海道,5650000,2691000,2959000
2004,青森県,1448000,686000,762000
2004,岩手県,1395000,669000,726000
2004,宮城県,2366000,1154000,1213000
2004,秋田県,1156000,546000,610000
2004,山形県,1224000,589000,635000
2004,福島県,2102000,1023000,1079000
2004,茨城県,2982000,1483000,1499000
2004,栃木県,2016000,1001000,1015000
2004,群馬県,2027000,998000,1029000
2004,埼玉県,7046000,3551000,3495000
2004,千葉県,6047000,3027000,3020000
2004,東京都,12482000,6218000,6265000
2004,神奈川県,8753000,4426000,4326000
2004,新潟県,2445000,1184000,1261000
2004,富山県,1115000,537000,578000
2004,石川県,1178000,569000,608000
2004,福井県,824000,399000,425000
2004,山梨県,886000,434000,452000
2004,長野県,2206000,1074000,1132000
2004,岐阜県,2108000,1021000,1087000
2004,静岡県,3791000,1867000,1924000
2004,愛知県,7209000,3611000,3598000
2004,三重県,1867000,906000,960000
2004,滋賀県,1375000,678000,696000
2004,京都府,2650000,1275000,1375000
2004,大阪府,8825000,4290000,4536000
2004,兵庫県,5592000,2683000,2909000
2004,奈良県,1428000,681000,747000
2004,和歌山県,1045000,493000,552000
2004,鳥取県,610000,292000,318000
2004,島根県,747000,357000,391000
2004,岡山県,1959000,939000,1019000
2004,広島県,2879000,1391000,1488000
2004,山口県,1502000,709000,793000
2004,徳島県,814000,387000,427000
2004,香川県,1016000,488000,528000
2004,愛媛県,1475000,695000,779000
2004,高知県,802000,378000,424000
2004,福岡県,5050000,2397000,2653000
2004,佐賀県,870000,410000,460000
2004,長崎県,1490000,698000,792000
2004,熊本県,1848000,871000,978000
2004,大分県,1214000,572000,642000
2004,宮崎県,1159000,545000,614000
2004,鹿児島県,1763000,825000,938000
2004,沖縄県,1353000,665000,689000
2003,北海道,5663000,2700000,2963000
2003,青森県,1459000,692000,767000
2003,岩手県,1401000,672000,729000
2003,宮城県,2369000,1156000,1213000
2003,秋田県,1165000,551000,614000
2003,山形県,1230000,593000,637000
2003,福島県,2110000,1028000,1082000
2003,茨城県,2985000,1486000,1500000
2003,栃木県,2014000,1000000,1014000
2003,群馬県,2030000,1000000,1030000
2003,埼玉県,7028000,3544000,3484000
2003,千葉県,6030000,3021000,3009000
2003,東京都,12388000,6173000,6216000
2003,神奈川県,8702000,4405000,4296000
2003,新潟県,2455000,1189000,1265000
2003,富山県,1116000,538000,578000
2003,石川県,1179000,570000,609000
2003,福井県,827000,400000,426000
2003,山梨県,888000,436000,452000
2003,長野県,2210000,1077000,1134000
2003,岐阜県,2110000,1023000,1087000
2003,静岡県,3790000,1867000,1923000
2003,愛知県,7170000,3589000,3580000
2003,三重県,1864000,905000,959000
2003,滋賀県,1368000,675000,693000
2003,京都府,2650000,1276000,1374000
2003,大阪府,8824000,4295000,4529000
2003,兵庫県,5589000,2684000,2905000
2003,奈良県,1434000,684000,750000
2003,和歌山県,1052000,497000,555000
2003,鳥取県,611000,293000,319000
2003,島根県,752000,359000,393000
2003,岡山県,1958000,939000,1019000
2003,広島県,2879000,1391000,1488000
2003,山口県,1510000,713000,798000
2003,徳島県,818000,388000,429000
2003,香川県,1018000,489000,529000
2003,愛媛県,1481000,698000,783000
2003,高知県,806000,380000,426000
2003,福岡県,5045000,2396000,2648000
2003,佐賀県,872000,411000,461000
2003,長崎県,1498000,702000,795000
2003,熊本県,1852000,873000,979000
2003,大分県,1217000,573000,644000
2003,宮崎県,1162000,547000,615000
2003,鹿児島県,1770000,829000,941000
2003,沖縄県,1345000,661000,684000
2002,北海道,5672000,2708000,2964000
2002,青森県,1467000,697000,770000
2002,岩手県,1407000,676000,731000
2002,宮城県,2369000,1157000,1211000
2002,秋田県,1175000,557000,618000
2002,山形県,1236000,596000,640000
2002,福島県,2118000,1032000,1086000
2002,茨城県,2987000,1486000,1500000
2002,栃木県,2012000,999000,1013000
2002,群馬県,2030000,1000000,1030000
2002,埼玉県,7000000,3530000,3471000
2002,千葉県,5998000,3008000,2990000
2002,東京都,12271000,6116000,6155000
2002,神奈川県,8636000,4375000,4261000
2002,新潟県,2462000,1194000,1268000
2002,富山県,1118000,539000,579000
2002,石川県,1180000,571000,609000
2002,福井県,828000,401000,427000
2002,山梨県,889000,437000,453000
2002,長野県,2215000,1080000,1135000
2002,岐阜県,2110000,1023000,1087000
2002,静岡県,3784000,1865000,1920000
2002,愛知県,7131000,3569000,3563000
2002,三重県,1863000,904000,958000
2002,滋賀県,1361000,672000,689000
2002,京都府,2648000,1276000,1372000
2002,大阪府,8821000,4299000,4522000
2002,兵庫県,5580000,2682000,2898000
2002,奈良県,1437000,686000,750000
2002,和歌山県,1059000,500000,558000
2002,鳥取県,612000,293000,319000
2002,島根県,756000,361000,395000
2002,岡山県,1956000,938000,1018000
2002,広島県,2878000,1391000,1487000
2002,山口県,1517000,716000,800000
2002,徳島県,820000,390000,430000
2002,香川県,1020000,490000,530000
2002,愛媛県,1485000,700000,785000
2002,高知県,810000,382000,428000
2002,福岡県,5039000,2395000,2644000
2002,佐賀県,874000,413000,461000
2002,長崎県,1505000,706000,799000
2002,熊本県,1857000,876000,981000
2002,大分県,1219000,575000,644000
2002,宮崎県,1165000,549000,616000
2002,鹿児島県,1776000,832000,944000
2002,沖縄県,1336000,657000,679000
2001,北海道,5680000,2715000,2966000
2001,青森県,1473000,701000,772000
2001,岩手県,1413000,680000,734000
2001,宮城県,2369000,1159000,1210000
2001,秋田県,1183000,561000,622000
2001,山形県,1241000,599000,642000
2001,福島県,2124000,1036000,1088000
2001,茨城県,2990000,1490000,1500000
2001,栃木県,2011000,999000,1012000
2001,群馬県,2029000,1001000,1028000
2001,埼玉県,6977000,3520000,3457000
2001,千葉県,5970000,2997000,2973000
2001,東京都,12165000,6066000,6098000
2001,神奈川県,8575000,4349000,4226000
2001,新潟県,2471000,1199000,1272000
2001,富山県,1120000,540000,580000
2001,石川県,1182000,572000,610000
2001,福井県,830000,402000,427000
2001,山梨県,890000,438000,452000
2001,長野県,2222000,1085000,1137000
2001,岐阜県,2111000,1024000,1087000
2001,静岡県,3780000,1863000,1917000
2001,愛知県,7091000,3551000,3540000
2001,三重県,1862000,905000,958000
2001,滋賀県,1354000,669000,685000
2001,京都府,2649000,1279000,1370000
2001,大阪府,8821000,4305000,4515000
2001,兵庫県,5572000,2682000,2890000
2001,奈良県,1442000,690000,752000
2001,和歌山県,1065000,504000,561000
2001,鳥取県,613000,294000,320000
2001,島根県,760000,364000,397000
2001,岡山県,1954000,938000,1017000
2001,広島県,2880000,1392000,1487000
2001,山口県,1523000,720000,803000
2001,徳島県,822000,391000,431000
2001,香川県,1022000,491000,531000
2001,愛媛県,1490000,703000,787000
2001,高知県,812000,383000,429000
2001,福岡県,5030000,2394000,2637000
2001,佐賀県,876000,414000,462000
2001,長崎県,1512000,710000,802000
2001,熊本県,1860000,878000,982000
2001,大分県,1220000,575000,645000
2001,宮崎県,1168000,551000,617000
2001,鹿児島県,1782000,835000,946000
2001,沖縄県,1327000,652000,675000
2000,北海道,5683062,2719389,2963673
2000,青森県,1475728,702573,773155
2000,岩手県,1416180,681238,734942
2000,宮城県,2365320,1158622,1206698
2000,秋田県,1189279,564556,624723
2000,山形県,1244147,601372,642775
2000,福島県,2126935,1037787,1089148
2000,茨城県,2985676,1488340,1497336
2000,栃木県,2004817,995859,1008958
2000,群馬県,2024852,999349,1025503
2000,埼玉県,6938006,3500224,3437782
2000,千葉県,5926285,2976984,2949301
2000,東京都,12064101,6028562,6035539
2000,神奈川県,8489974,4308786,4181188
2000,新潟県,2475733,1202004,1273729
2000,富山県,1120851,540212,580639
2000,石川県,1180977,572244,608733
2000,福井県,828944,402367,426577
2000,山梨県,888172,436837,451335
2000,長野県,2215168,1080986,1134182
2000,岐阜県,2107700,1022186,1085514
2000,静岡県,3767393,1857031,1910362
2000,愛知県,7043300,3525698,3517602
2000,三重県,1857339,901380,955959
2000,滋賀県,1342832,663432,679400
2000,京都府,2644391,1278142,1366249
2000,大阪府,8805081,4304059,4501022
2000,兵庫県,5550574,2674625,2875949
2000,奈良県,1442795,691098,751697
2000,和歌山県,1069912,506882,563030
2000,鳥取県,613289,293403,319886
2000,島根県,761503,363994,397509
2000,岡山県,1950828,936044,1014784
2000,広島県,2878915,1392496,1486419
2000,山口県,1527964,722683,805281
2000,徳島県,824108,391718,432390
2000,香川県,1022890,491761,531129
2000,愛媛県,1493092,704289,788803
2000,高知県,813949,383859,430090
2000,福岡県,5015699,2388824,2626875
2000,佐賀県,876654,414377,462277
2000,長崎県,1516523,712346,804177
2000,熊本県,1859344,878145,981199
2000,大分県,1221140,575985,645155
2000,宮崎県,1170007,552160,617847
2000,鹿児島県,1786194,837979,948215
2000,沖縄県,1318220,647877,670343
1999,北海道,5689000,2725000,2964000
1999,青森県,1477000,703000,774000
1999,岩手県,1417000,681000,736000
1999,宮城県,2360000,1157000,1203000
1999,秋田県,1195000,568000,627000
1999,山形県,1247000,603000,644000
1999,福島県,2129000,1039000,1090000
1999,茨城県,2981000,1487000,1495000
1999,栃木県,2003000,995000,1007000
1999,群馬県,2020000,997000,1023000
1999,埼玉県,6906000,3486000,3420000
1999,千葉県,5893000,2964000,2930000
1999,東京都,11983000,5996000,5988000
1999,神奈川県,8432000,4285000,4147000
1999,新潟県,2482000,1205000,1276000
1999,富山県,1122000,540000,581000
1999,石川県,1180000,571000,609000
1999,福井県,828000,402000,426000
1999,山梨県,887000,437000,451000
1999,長野県,2210000,1079000,1132000
1999,岐阜県,2107000,1022000,1085000
1999,静岡県,3761000,1853000,1908000
1999,愛知県,7006000,3508000,3498000
1999,三重県,1856000,901000,955000
1999,滋賀県,1332000,658000,674000
1999,京都府,2645000,1279000,1366000
1999,大阪府,8813000,4312000,4500000
1999,兵庫県,5528000,2666000,2862000
1999,奈良県,1444000,692000,752000
1999,和歌山県,1074000,509000,565000
1999,鳥取県,614000,294000,320000
1999,島根県,763000,365000,398000
1999,岡山県,1953000,937000,1015000
1999,広島県,2881000,1395000,1486000
1999,山口県,1535000,726000,809000
1999,徳島県,827000,393000,434000
1999,香川県,1025000,493000,532000
1999,愛媛県,1496000,706000,790000
1999,高知県,815000,384000,431000
1999,福岡県,5002000,2384000,2618000
1999,佐賀県,879000,415000,463000
1999,長崎県,1520000,714000,806000
1999,熊本県,1861000,879000,982000
1999,大分県,1224000,577000,647000
1999,宮崎県,1172000,553000,619000
1999,鹿児島県,1788000,838000,949000
1999,沖縄県,1308000,642000,665000
1998,北海道,5695000,2731000,2964000
1998,青森県,1479000,704000,776000
1998,岩手県,1419000,682000,737000
1998,宮城県,2355000,1155000,1200000
1998,秋田県,1200000,570000,630000
1998,山形県,1251000,605000,646000
1998,福島県,2132000,1041000,1091000
1998,茨城県,2980000,1486000,1493000
1998,栃木県,2001000,994000,1006000
1998,群馬県,2017000,996000,1022000
1998,埼玉県,6877000,3473000,3404000
1998,千葉県,5867000,2951000,2915000
1998,東京都,11939000,5982000,5957000
1998,神奈川県,8383000,4264000,4119000
1998,新潟県,2488000,1209000,1279000
1998,富山県,1124000,541000,582000
1998,石川県,1181000,572000,610000
1998,福井県,828000,402000,426000
1998,山梨県,888000,437000,451000
1998,長野県,2210000,1079000,1132000
1998,岐阜県,2108000,1023000,1085000
1998,静岡県,3758000,1851000,1906000
1998,愛知県,6973000,3492000,3481000
1998,三重県,1855000,900000,954000
1998,滋賀県,1323000,653000,670000
1998,京都府,2643000,1280000,1363000
1998,大阪府,8813000,4317000,4496000
1998,兵庫県,5494000,2652000,2842000
1998,奈良県,1443000,692000,751000
1998,和歌山県,1076000,510000,566000
1998,鳥取県,615000,294000,321000
1998,島根県,765000,366000,399000
1998,岡山県,1953000,938000,1015000
1998,広島県,2882000,1396000,1486000
1998,山口県,1540000,729000,811000
1998,徳島県,829000,394000,435000
1998,香川県,1025000,493000,533000
1998,愛媛県,1501000,709000,792000
1998,高知県,816000,384000,432000
1998,福岡県,4990000,2379000,2611000
1998,佐賀県,881000,416000,464000
1998,長崎県,1526000,717000,809000
1998,熊本県,1862000,880000,982000
1998,大分県,1226000,579000,647000
1998,宮崎県,1173000,554000,619000
1998,鹿児島県,1790000,839000,951000
1998,沖縄県,1298000,637000,661000
1997,北海道,5699000,2736000,2962000
1997,青森県,1481000,705000,776000
1997,岩手県,1419000,683000,737000
1997,宮城県,2348000,1153000,1195000
1997,秋田県,1205000,573000,632000
1997,山形県,1253000,606000,647000
1997,福島県,2134000,1042000,1092000
1997,茨城県,2973000,1484000,1489000
1997,栃木県,1996000,993000,1004000
1997,群馬県,2013000,994000,1019000
1997,埼玉県,6841000,3456000,3384000
1997,千葉県,5839000,2940000,2899000
1997,東京都,11881000,5958000,5923000
1997,神奈川県,8319000,4235000,4084000
1997,新潟県,2490000,1210000,1280000
1997,富山県,1124000,542000,583000
1997,石川県,1181000,571000,610000
1997,福井県,828000,402000,426000
1997,山梨県,886000,436000,450000
1997,長野県,2207000,1077000,1130000
1997,岐阜県,2106000,1022000,1084000
1997,静岡県,3752000,1848000,1904000
1997,愛知県,6931000,3470000,3461000
1997,三重県,1851000,899000,952000
1997,滋賀県,1310000,647000,664000
1997,京都府,2638000,1279000,1359000
1997,大阪府,8808000,4320000,4487000
1997,兵庫県,5455000,2634000,2820000
1997,奈良県,1442000,693000,749000
1997,和歌山県,1078000,511000,566000
1997,鳥取県,614000,294000,320000
1997,島根県,768000,367000,401000
1997,岡山県,1952000,938000,1014000
1997,広島県,2882000,1396000,1485000
1997,山口県,1545000,731000,814000
1997,徳島県,830000,394000,436000
1997,香川県,1026000,493000,533000
1997,愛媛県,1503000,710000,793000
1997,高知県,816000,384000,432000
1997,福岡県,4971000,2372000,2599000
1997,佐賀県,882000,417000,465000
1997,長崎県,1533000,721000,812000
1997,熊本県,1861000,880000,981000
1997,大分県,1228000,580000,648000
1997,宮崎県,1175000,556000,620000
1997,鹿児島県,1792000,840000,952000
1997,沖縄県,1289000,633000,657000
1996,北海道,5697000,2738000,2960000
1996,青森県,1483000,705000,778000
1996,岩手県,1420000,683000,738000
1996,宮城県,2338000,1148000,1190000
1996,秋田県,1210000,576000,634000
1996,山形県,1255000,606000,649000
1996,福島県,2134000,1042000,1092000
1996,茨城県,2966000,1481000,1485000
1996,栃木県,1991000,990000,1000000
1996,群馬県,2009000,992000,1017000
1996,埼玉県,6804000,3440000,3364000
1996,千葉県,5817000,2932000,2886000
1996,東京都,11808000,5915000,5893000
1996,神奈川県,8279000,4220000,4059000
1996,新潟県,2490000,1211000,1279000
1996,富山県,1125000,542000,583000
1996,石川県,1181000,571000,610000
1996,福井県,828000,402000,426000
1996,山梨県,885000,436000,449000
1996,長野県,2203000,1075000,1128000
1996,岐阜県,2104000,1021000,1083000
1996,静岡県,3745000,1845000,1900000
1996,愛知県,6897000,3453000,3444000
1996,三重県,1846000,897000,950000
1996,滋賀県,1298000,641000,658000
1996,京都府,2634000,1279000,1356000
1996,大阪府,8807000,4324000,4482000
1996,兵庫県,5421000,2620000,2801000
1996,奈良県,1437000,691000,746000
1996,和歌山県,1079000,513000,567000
1996,鳥取県,615000,294000,321000
1996,島根県,770000,368000,402000
1996,岡山県,1951000,938000,1013000
1996,広島県,2881000,1397000,1484000
1996,山口県,1550000,734000,816000
1996,徳島県,831000,395000,436000
1996,香川県,1027000,493000,533000
1996,愛媛県,1505000,712000,793000
1996,高知県,816000,384000,432000
1996,福岡県,4952000,2365000,2587000
1996,佐賀県,884000,419000,466000
1996,長崎県,1540000,724000,816000
1996,熊本県,1861000,880000,981000
1996,大分県,1230000,581000,649000
1996,宮崎県,1177000,557000,620000
1996,鹿児島県,1793000,840000,953000
1996,沖縄県,1282000,629000,653000
1995,北海道,5692321,2736844,2955477
1995,青森県,1481663,704189,777474
1995,岩手県,1419505,681986,737519
1995,宮城県,2328739,1144739,1184000
1995,秋田県,1213667,577535,636132
1995,山形県,1256958,607316,649642
1995,福島県,2133592,1042030,1091562
1995,茨城県,2955530,1476437,1479093
1995,栃木県,1984390,987426,996964
1995,群馬県,2003540,989610,1013930
1995,埼玉県,6759311,3419218,3340093
1995,千葉県,5797782,2923839,2873943
1995,東京都,11773605,5892704,5880901
1995,神奈川県,8245900,4209525,4036375
1995,新潟県,2488364,1209833,1278531
1995,富山県,1123125,540921,582204
1995,石川県,1180068,570835,609233
1995,福井県,826996,401860,425136
1995,山梨県,881996,434707,447289
1995,長野県,2193984,1070471,1123513
1995,岐阜県,2100315,1019549,1080766
1995,静岡県,3737689,1841947,1895742
1995,愛知県,6868336,3439180,3429156
1995,三重県,1841358,893982,947376
1995,滋賀県,1287005,634648,652357
1995,京都府,2629592,1276838,1352754
1995,大阪府,8797268,4321575,4475693
1995,兵庫県,5401877,2612369,2789508
1995,奈良県,1430862,688741,742121
1995,和歌山県,1080435,513450,566985
1995,鳥取県,614929,294414,320515
1995,島根県,771441,368789,402652
1995,岡山県,1950750,938439,1012311
1995,広島県,2881748,1398986,1482762
1995,山口県,1555543,736555,818988
1995,徳島県,832427,395636,436791
1995,香川県,1027006,493482,533524
1995,愛媛県,1506700,712518,794182
1995,高知県,816704,384446,432258
1995,福岡県,4933393,2357525,2575868
1995,佐賀県,884316,418666,465650
1995,長崎県,1544934,726894,818040
1995,熊本県,1859793,879873,979920
1995,大分県,1231306,581909,649397
1995,宮崎県,1175819,556245,619574
1995,鹿児島県,1794224,840980,953244
1995,沖縄県,1273440,624737,648703
1994,北海道,5681000,2732000,2949000
1994,青森県,1480000,703000,776000
1994,岩手県,1418000,681000,737000
1994,宮城県,2313000,1137000,1176000
1994,秋田県,1216000,579000,637000
1994,山形県,1256000,607000,650000
1994,福島県,2129000,1039000,1090000
1994,茨城県,2940000,1469000,1471000
1994,栃木県,1977000,984000,993000
1994,群馬県,1996000,986000,1010000
1994,埼玉県,6703000,3394000,3309000
1994,千葉県,5767000,2910000,2857000
1994,東京都,11796000,5912000,5884000
1994,神奈川県,8207000,4196000,4011000
1994,新潟県,2484000,1207000,1277000
1994,富山県,1121000,540000,582000
1994,石川県,1176000,568000,608000
1994,福井県,825000,401000,425000
1994,山梨県,877000,432000,445000
1994,長野県,2184000,1064000,1119000
1994,岐阜県,2095000,1017000,1078000
1994,静岡県,3729000,1838000,1890000
1994,愛知県,6839000,3427000,3412000
1994,三重県,1833000,890000,943000
1994,滋賀県,1273000,628000,646000
1994,京都府,2622000,1274000,1348000
1994,大阪府,8759000,4305000,4454000
1994,兵庫県,5469000,2647000,2823000
1994,奈良県,1420000,684000,736000
1994,和歌山県,1080000,513000,566000
1994,鳥取県,614000,294000,320000
1994,島根県,772000,369000,403000
1994,岡山県,1945000,936000,1009000
1994,広島県,2877000,1397000,1479000
1994,山口県,1559000,738000,821000
1994,徳島県,830000,395000,436000
1994,香川県,1026000,493000,533000
1994,愛媛県,1508000,713000,795000
1994,高知県,817000,384000,432000
1994,福岡県,4909000,2346000,2563000
1994,佐賀県,883000,418000,465000
1994,長崎県,1549000,729000,820000
1994,熊本県,1855000,878000,978000
1994,大分県,1232000,582000,650000
1994,宮崎県,1174000,555000,619000
1994,鹿児島県,1791000,839000,951000
1994,沖縄県,1262000,619000,643000
1993,北海道,5669000,2728000,2941000
1993,青森県,1476000,701000,776000
1993,岩手県,1417000,681000,736000
1993,宮城県,2299000,1130000,1169000
1993,秋田県,1217000,579000,638000
1993,山形県,1256000,606000,650000
1993,福島県,2123000,1036000,1088000
1993,茨城県,2920000,1459000,1461000
1993,栃木県,1969000,980000,988000
1993,群馬県,1990000,983000,1007000
1993,埼玉県,6640000,3365000,3275000
1993,千葉県,5731000,2894000,2836000
1993,東京都,11849000,5948000,5901000
1993,神奈川県,8166000,4183000,3983000
1993,新潟県,2479000,1204000,1275000
1993,富山県,1121000,540000,581000
1993,石川県,1173000,567000,606000
1993,福井県,824000,400000,424000
1993,山梨県,871000,429000,442000
1993,長野県,2175000,1059000,1116000
1993,岐阜県,2089000,1014000,1075000
1993,静岡県,3716000,1833000,1883000
1993,愛知県,6810000,3415000,3395000
1993,三重県,1823000,885000,938000
1993,滋賀県,1261000,621000,640000
1993,京都府,2618000,1273000,1345000
1993,大阪府,8762000,4311000,4451000
1993,兵庫県,5457000,2642000,2814000
1993,奈良県,1412000,681000,731000
1993,和歌山県,1077000,512000,566000
1993,鳥取県,614000,294000,320000
1993,島根県,773000,369000,403000
1993,岡山県,1940000,934000,1007000
1993,広島県,2873000,1396000,1477000
1993,山口県,1561000,739000,822000
1993,徳島県,831000,395000,436000
1993,香川県,1025000,492000,532000
1993,愛媛県,1508000,713000,795000
1993,高知県,817000,385000,433000
1993,福岡県,4885000,2336000,2549000
1993,佐賀県,880000,416000,464000
1993,長崎県,1550000,730000,820000
1993,熊本県,1850000,875000,975000
1993,大分県,1231000,581000,650000
1993,宮崎県,1171000,553000,618000
1993,鹿児島県,1788000,838000,951000
1993,沖縄県,1250000,613000,637000
1992,北海道,5661000,2726000,2935000
1992,青森県,1476000,701000,776000
1992,岩手県,1416000,680000,736000
1992,宮城県,2283000,1122000,1161000
1992,秋田県,1220000,581000,639000
1992,山形県,1257000,606000,650000
1992,福島県,2116000,1032000,1084000
1992,茨城県,2898000,1447000,1451000
1992,栃木県,1959000,976000,983000
1992,群馬県,1984000,980000,1004000
1992,埼玉県,6567000,3329000,3238000
1992,千葉県,5679000,2868000,2812000
1992,東京都,11887000,5976000,5910000
1992,神奈川県,8116000,4164000,3952000
1992,新潟県,2476000,1202000,1275000
1992,富山県,1120000,539000,581000
1992,石川県,1171000,565000,605000
1992,福井県,823000,400000,423000
1992,山梨県,865000,426000,439000
1992,長野県,2169000,1056000,1113000
1992,岐阜県,2082000,1011000,1071000
1992,静岡県,3704000,1827000,1878000
1992,愛知県,6776000,3399000,3377000
1992,三重県,1814000,880000,933000
1992,滋賀県,1248000,615000,633000
1992,京都府,2615000,1273000,1343000
1992,大阪府,8761000,4315000,4446000
1992,兵庫県,5443000,2637000,2806000
1992,奈良県,1400000,676000,725000
1992,和歌山県,1076000,512000,565000
1992,鳥取県,615000,294000,320000
1992,島根県,775000,371000,405000
1992,岡山県,1935000,931000,1004000
1992,広島県,2867000,1393000,1474000
1992,山口県,1565000,740000,824000
1992,徳島県,830000,395000,436000
1992,香川県,1024000,492000,532000
1992,愛媛県,1511000,714000,796000
1992,高知県,819000,385000,433000
1992,福岡県,4859000,2324000,2535000
1992,佐賀県,879000,415000,464000
1992,長崎県,1552000,730000,821000
1992,熊本県,1846000,872000,974000
1992,大分県,1233000,582000,651000
1992,宮崎県,1167000,551000,616000
1992,鹿児島県,1789000,838000,951000
1992,沖縄県,1239000,607000,632000
1991,北海道,5650000,2723000,2927000
1991,青森県,1479000,702000,777000
1991,岩手県,1416000,680000,736000
1991,宮城県,2267000,1114000,1153000
1991,秋田県,1223000,582000,641000
1991,山形県,1257000,607000,651000
1991,福島県,2109000,1028000,1081000
1991,茨城県,2871000,1433000,1438000
1991,栃木県,1948000,970000,978000
1991,群馬県,1974000,976000,999000
1991,埼玉県,6486000,3288000,3198000
1991,千葉県,5617000,2835000,2783000
1991,東京都,11894000,5988000,5905000
1991,神奈川県,8050000,4133000,3917000
1991,新潟県,2475000,1201000,1274000
1991,富山県,1121000,539000,582000
1991,石川県,1167000,564000,603000
1991,福井県,823000,400000,423000
1991,山梨県,860000,423000,437000
1991,長野県,2162000,1051000,1110000
1991,岐阜県,2073000,1007000,1067000
1991,静岡県,3687000,1818000,1869000
1991,愛知県,6729000,3374000,3355000
1991,三重県,1803000,875000,928000
1991,滋賀県,1235000,608000,627000
1991,京都府,2608000,1270000,1338000
1991,大阪府,8750000,4313000,4437000
1991,兵庫県,5426000,2629000,2796000
1991,奈良県,1388000,670000,718000
1991,和歌山県,1076000,511000,564000
1991,鳥取県,615000,295000,321000
1991,島根県,778000,372000,406000
1991,岡山県,1930000,929000,1002000
1991,広島県,2859000,1388000,1470000
1991,山口県,1569000,743000,826000
1991,徳島県,831000,395000,436000
1991,香川県,1023000,491000,532000
1991,愛媛県,1513000,716000,797000
1991,高知県,822000,387000,435000
1991,福岡県,4834000,2313000,2521000
1991,佐賀県,878000,414000,463000
1991,長崎県,1557000,733000,823000
1991,熊本県,1844000,871000,973000
1991,大分県,1235000,583000,652000
1991,宮崎県,1167000,551000,617000
1991,鹿児島県,1793000,840000,953000
1991,沖縄県,1230000,603000,627000
1990,北海道,5643647,2722988,2920659
1990,青森県,1482873,704758,778115
1990,岩手県,1416928,680197,736731
1990,宮城県,2248558,1105103,1143455
1990,秋田県,1227478,584678,642800
1990,山形県,1258390,607041,651349
1990,福島県,2104058,1024354,1079704
1990,茨城県,2845382,1419117,1426265
1990,栃木県,1935168,962571,972597
1990,群馬県,1966265,971704,994561
1990,埼玉県,6405319,3245868,3159451
1990,千葉県,5555429,2802774,2752655
1990,東京都,11855563,5969773,5885790
1990,神奈川県,7980391,4098147,3882244
1990,新潟県,2474583,1200376,1274207
1990,富山県,1120161,538640,581521
1990,石川県,1164628,562684,601944
1990,福井県,823585,400391,423194
1990,山梨県,852966,418701,434265
1990,長野県,2156627,1048109,1108518
1990,岐阜県,2066569,1003933,1062636
1990,静岡県,3670840,1808951,1861889
1990,愛知県,6690603,3354827,3335776
1990,三重県,1792514,869515,922999
1990,滋賀県,1222411,601082,621329
1990,京都府,2602460,1267620,1334840
1990,大阪府,8734516,4308184,4426332
1990,兵庫県,5405040,2619692,2785348
1990,奈良県,1375481,663591,711890
1990,和歌山県,1074325,510777,563548
1990,鳥取県,615722,294899,320823
1990,島根県,781021,373618,407403
1990,岡山県,1925877,926721,999156
1990,広島県,2849847,1385297,1464550
1990,山口県,1572616,744844,827772
1990,徳島県,831598,395906,435692
1990,香川県,1023412,491621,531791
1990,愛媛県,1515025,716940,798085
1990,高知県,825034,389063,435971
1990,福岡県,4811050,2303487,2507563
1990,佐賀県,877851,414673,463178
1990,長崎県,1562959,736729,826230
1990,熊本県,1840326,869441,970885
1990,大分県,1236942,584672,652270
1990,宮崎県,1168907,551524,617383
1990,鹿児島県,1797824,842474,955350
1990,沖縄県,1222398,598669,623729
1989,北海道,5649000,2730000,2919000
1989,青森県,1492000,711000,782000
1989,岩手県,1419000,682000,737000
1989,宮城県,2236000,1100000,1136000
1989,秋田県,1232000,587000,645000
1989,山形県,1260000,608000,652000
1989,福島県,2100000,1022000,1078000
1989,茨城県,2822000,1408000,1415000
1989,栃木県,1921000,954000,967000
1989,群馬県,1959000,967000,991000
1989,埼玉県,6308000,3194000,3113000
1989,千葉県,5487000,2766000,2720000
1989,東京都,11863000,5979000,5885000
1989,神奈川県,7891000,4051000,3840000
1989,新潟県,2476000,1202000,1275000
1989,富山県,1121000,539000,581000
1989,石川県,1163000,562000,601000
1989,福井県,823000,400000,423000
1989,山梨県,849000,416000,432000
1989,長野県,2153000,1046000,1107000
1989,岐阜県,2058000,1000000,1058000
1989,静岡県,3657000,1801000,1855000
1989,愛知県,6649000,3332000,3317000
1989,三重県,1782000,864000,918000
1989,滋賀県,1206000,593000,613000
1989,京都府,2604000,1270000,1335000
1989,大阪府,8744000,4316000,4428000
1989,兵庫県,5372000,2605000,2767000
1989,奈良県,1363000,658000,705000
1989,和歌山県,1074000,511000,563000
1989,鳥取県,616000,295000,321000
1989,島根県,785000,376000,409000
1989,岡山県,1925000,927000,998000
1989,広島県,2843000,1382000,1460000
1989,山口県,1581000,750000,831000
1989,徳島県,833000,397000,436000
1989,香川県,1023000,492000,531000
1989,愛媛県,1519000,720000,799000
1989,高知県,830000,392000,438000
1989,福岡県,4793000,2297000,2496000
1989,佐賀県,879000,415000,464000
1989,長崎県,1570000,741000,829000
1989,熊本県,1841000,871000,970000
1989,大分県,1240000,586000,654000
1989,宮崎県,1172000,554000,618000
1989,鹿児島県,1805000,847000,959000
1989,沖縄県,1215000,596000,620000
1988,北海道,5656000,2737000,2918000
1988,青森県,1502000,717000,785000
1988,岩手県,1424000,685000,739000
1988,宮城県,2221000,1093000,1128000
1988,秋田県,1238000,590000,648000
1988,山形県,1262000,609000,653000
1988,福島県,2095000,1020000,1075000
1988,茨城県,2795000,1393000,1402000
1988,栃木県,1908000,947000,961000
1988,群馬県,1949000,962000,987000
1988,埼玉県,6195000,3134000,3061000
1988,千葉県,5403000,2722000,2681000
1988,東京都,11873000,5986000,5887000
1988,神奈川県,7794000,3998000,3796000
1988,新潟県,2476000,1202000,1274000
1988,富山県,1120000,539000,581000
1988,石川県,1160000,561000,599000
1988,福井県,822000,400000,423000
1988,山梨県,845000,414000,431000
1988,長野県,2149000,1044000,1105000
1988,岐阜県,2051000,997000,1054000
1988,静岡県,3639000,1792000,1847000
1988,愛知県,6606000,3310000,3297000
1988,三重県,1772000,859000,913000
1988,滋賀県,1191000,586000,605000
1988,京都府,2604000,1270000,1334000
1988,大阪府,8748000,4321000,4427000
1988,兵庫県,5344000,2593000,2751000
1988,奈良県,1347000,651000,696000
1988,和歌山県,1076000,513000,563000
1988,鳥取県,617000,296000,321000
1988,島根県,789000,378000,410000
1988,岡山県,1925000,928000,997000
1988,広島県,2838000,1381000,1457000
1988,山口県,1587000,754000,833000
1988,徳島県,834000,398000,436000
1988,香川県,1025000,493000,532000
1988,愛媛県,1522000,722000,800000
1988,高知県,833000,394000,439000
1988,福岡県,4773000,2290000,2483000
1988,佐賀県,880000,416000,464000
1988,長崎県,1578000,747000,832000
1988,熊本県,1842000,872000,970000
1988,大分県,1243000,588000,655000
1988,宮崎県,1173000,555000,618000
1988,鹿児島県,1812000,851000,961000
1988,沖縄県,1208000,593000,615000
1987,北海道,5660000,2745000,2915000
1987,青森県,1511000,722000,789000
1987,岩手県,1427000,687000,740000
1987,宮城県,2206000,1086000,1120000
1987,秋田県,1244000,593000,650000
1987,山形県,1262000,609000,653000
1987,福島県,2091000,1018000,1073000
1987,茨城県,2769000,1381000,1389000
1987,栃木県,1895000,940000,955000
1987,群馬県,1941000,958000,983000
1987,埼玉県,6071000,3069000,3002000
1987,千葉県,5307000,2670000,2636000
1987,東京都,11887000,5987000,5900000
1987,神奈川県,7684000,3939000,3745000
1987,新潟県,2477000,1203000,1274000
1987,富山県,1120000,539000,581000
1987,石川県,1158000,560000,598000
1987,福井県,822000,399000,422000
1987,山梨県,841000,412000,429000
1987,長野県,2148000,1043000,1104000
1987,岐阜県,2044000,994000,1050000
1987,静岡県,3619000,1783000,1837000
1987,愛知県,6566000,3289000,3277000
1987,三重県,1765000,856000,909000
1987,滋賀県,1178000,579000,599000
1987,京都府,2601000,1270000,1331000
1987,大阪府,8737000,4317000,4420000
1987,兵庫県,5319000,2582000,2737000
1987,奈良県,1333000,645000,688000
1987,和歌山県,1079000,515000,564000
1987,鳥取県,616000,296000,321000
1987,島根県,792000,380000,411000
1987,岡山県,1924000,929000,995000
1987,広島県,2834000,1380000,1454000
1987,山口県,1592000,757000,835000
1987,徳島県,835000,399000,436000
1987,香川県,1024000,493000,531000
1987,愛媛県,1525000,724000,800000
1987,高知県,836000,396000,440000
1987,福岡県,4756000,2283000,2473000
1987,佐賀県,880000,417000,463000
1987,長崎県,1584000,751000,833000
1987,熊本県,1842000,873000,969000
1987,大分県,1247000,590000,657000
1987,宮崎県,1174000,556000,618000
1987,鹿児島県,1816000,854000,962000
1987,沖縄県,1199000,589000,609000
1986,北海道,5673000,2757000,2916000
1986,青森県,1517000,727000,791000
1986,岩手県,1431000,690000,741000
1986,宮城県,2190000,1078000,1112000
1986,秋田県,1249000,596000,652000
1986,山形県,1262000,609000,652000
1986,福島県,2085000,1015000,1070000
1986,茨城県,2746000,1369000,1377000
1986,栃木県,1880000,932000,948000
1986,群馬県,1931000,953000,979000
1986,埼玉県,5954000,3008000,2946000
1986,千葉県,5219000,2625000,2594000
1986,東京都,11888000,5986000,5902000
1986,神奈川県,7553000,3869000,3684000
1986,新潟県,2478000,1204000,1274000
1986,富山県,1119000,539000,580000
1986,石川県,1155000,559000,596000
1986,福井県,819000,398000,421000
1986,山梨県,837000,410000,427000
1986,長野県,2143000,1041000,1102000
1986,岐阜県,2036000,990000,1046000
1986,静岡県,3597000,1771000,1826000
1986,愛知県,6512000,3260000,3252000
1986,三重県,1756000,852000,905000
1986,滋賀県,1166000,574000,593000
1986,京都府,2595000,1268000,1328000
1986,大阪府,8705000,4303000,4402000
1986,兵庫県,5300000,2576000,2724000
1986,奈良県,1318000,639000,679000
1986,和歌山県,1083000,518000,565000
1986,鳥取県,616000,296000,321000
1986,島根県,793000,381000,411000
1986,岡山県,1921000,928000,993000
1986,広島県,2829000,1379000,1450000
1986,山口県,1598000,761000,837000
1986,徳島県,835000,399000,436000
1986,香川県,1024000,493000,531000
1986,愛媛県,1528000,726000,801000
1986,高知県,838000,397000,441000
1986,福岡県,4741000,2279000,2462000
1986,佐賀県,880000,417000,463000
1986,長崎県,1589000,755000,835000
1986,熊本県,1840000,873000,967000
1986,大分県,1249000,592000,657000
1986,宮崎県,1174000,557000,617000
1986,鹿児島県,1816000,854000,962000
1986,沖縄県,1188000,585000,603000
1985,北海道,5679439,2766296,2913143
1985,青森県,1524448,731439,793009
1985,岩手県,1433611,691740,741871
1985,宮城県,2176295,1071741,1104554
1985,秋田県,1254032,599591,654441
1985,山形県,1261662,609417,652245
1985,福島県,2080304,1012456,1067848
1985,茨城県,2725005,1357963,1367042
1985,栃木県,1866066,924221,941845
1985,群馬県,1921259,947013,974246
1985,埼玉県,5863678,2961591,2902087
1985,千葉県,5148163,2588365,2559798
1985,東京都,11829363,5955029,5874334
1985,神奈川県,7431974,3804081,3627893
1985,新潟県,2478470,1205071,1273399
1985,富山県,1118369,538955,579414
1985,石川県,1152325,557664,594661
1985,福井県,817633,397115,420518
1985,山梨県,832832,407910,424922
1985,長野県,2136927,1038070,1098857
1985,岐阜県,2028536,986919,1041617
1985,静岡県,3574692,1759455,1815237
1985,愛知県,6455172,3228724,3226448
1985,三重県,1747311,847420,899891
1985,滋賀県,1155844,568735,587109
1985,京都府,2586574,1264035,1322539
1985,大阪府,8668095,4286445,4381650
1985,兵庫県,5278050,2567814,2710236
1985,奈良県,1304866,632955,671911
1985,和歌山県,1087206,520172,567034
1985,鳥取県,616024,295511,320513
1985,島根県,794629,382893,411736
1985,岡山県,1916906,926238,990668
1985,広島県,2819200,1373853,1445347
1985,山口県,1601627,763803,837824
1985,徳島県,834889,399689,435200
1985,香川県,1022569,492696,529873
1985,愛媛県,1529983,728506,801477
1985,高知県,839784,398408,441376
1985,福岡県,4719259,2270496,2448763
1985,佐賀県,880013,417308,462705
1985,長崎県,1593968,757617,836351
1985,熊本県,1837747,872932,964815
1985,大分県,1250214,593014,657200
1985,宮崎県,1175543,558355,617188
1985,鹿児島県,1819270,856493,962777
1985,沖縄県,1179097,581102,597995
1984,北海道,5672000,2769000,2903000
1984,青森県,1527000,733000,793000
1984,岩手県,1433000,692000,741000
1984,宮城県,2161000,1064000,1096000
1984,秋田県,1255000,601000,655000
1984,山形県,1260000,609000,651000
1984,福島県,2071000,1008000,1063000
1984,茨城県,2698000,1344000,1354000
1984,栃木県,1850000,916000,934000
1984,群馬県,1908000,940000,968000
1984,埼玉県,5784000,2922000,2862000
1984,千葉県,5079000,2554000,2525000
1984,東京都,11759000,5922000,5837000
1984,神奈川県,7328000,3750000,3578000
1984,新潟県,2474000,1204000,1271000
1984,富山県,1116000,538000,578000
1984,石川県,1147000,555000,592000
1984,福井県,813000,395000,418000
1984,山梨県,826000,404000,422000
1984,長野県,2125000,1031000,1094000
1984,岐阜県,2017000,981000,1036000
1984,静岡県,3547000,1745000,1802000
1984,愛知県,6401000,3201000,3200000
1984,三重県,1737000,842000,894000
1984,滋賀県,1141000,561000,580000
1984,京都府,2578000,1261000,1317000
1984,大阪府,8632000,4272000,4361000
1984,兵庫県,5252000,2557000,2695000
1984,奈良県,1290000,626000,664000
1984,和歌山県,1088000,522000,567000
1984,鳥取県,614000,295000,319000
1984,島根県,793000,382000,411000
1984,岡山県,1909000,923000,986000
1984,広島県,2807000,1369000,1438000
1984,山口県,1601000,764000,837000
1984,徳島県,834000,400000,434000
1984,香川県,1018000,490000,528000
1984,愛媛県,1526000,727000,799000
1984,高知県,839000,398000,440000
1984,福岡県,4697000,2263000,2434000
1984,佐賀県,878000,417000,462000
1984,長崎県,1595000,759000,836000
1984,熊本県,1830000,870000,960000
1984,大分県,1248000,592000,656000
1984,宮崎県,1173000,558000,615000
1984,鹿児島県,1814000,854000,960000
1984,沖縄県,1161000,572000,589000
1983,北海道,5656000,2766000,2890000
1983,青森県,1528000,735000,793000
1983,岩手県,1432000,692000,740000
1983,宮城県,2144000,1057000,1088000
1983,秋田県,1256000,602000,655000
1983,山形県,1258000,608000,650000
1983,福島県,2061000,1003000,1058000
1983,茨城県,2670000,1330000,1340000
1983,栃木県,1835000,908000,927000
1983,群馬県,1893000,932000,961000
1983,埼玉県,5700000,2880000,2821000
1983,千葉県,5005000,2517000,2488000
1983,東京都,11700000,5893000,5807000
1983,神奈川県,7227000,3696000,3531000
1983,新潟県,2469000,1202000,1267000
1983,富山県,1113000,537000,576000
1983,石川県,1141000,553000,588000
1983,福井県,809000,392000,416000
1983,山梨県,820000,400000,419000
1983,長野県,2112000,1024000,1088000
1983,岐阜県,2004000,975000,1029000
1983,静岡県,3522000,1733000,1789000
1983,愛知県,6353000,3178000,3175000
1983,三重県,1728000,838000,890000
1983,滋賀県,1127000,554000,574000
1983,京都府,2569000,1257000,1312000
1983,大阪府,8588000,4252000,4337000
1983,兵庫県,5227000,2547000,2680000
1983,奈良県,1273000,618000,655000
1983,和歌山県,1090000,523000,567000
1983,鳥取県,612000,294000,318000
1983,島根県,790000,381000,410000
1983,岡山県,1901000,919000,982000
1983,広島県,2793000,1362000,1430000
1983,山口県,1600000,765000,835000
1983,徳島県,831000,399000,433000
1983,香川県,1014000,488000,526000
1983,愛媛県,1522000,725000,796000
1983,高知県,838000,398000,439000
1983,福岡県,4667000,2251000,2416000
1983,佐賀県,876000,416000,460000
1983,長崎県,1596000,760000,835000
1983,熊本県,1820000,865000,955000
1983,大分県,1243000,590000,653000
1983,宮崎県,1170000,557000,613000
1983,鹿児島県,1807000,850000,957000
1983,沖縄県,1146000,564000,582000
1982,北海道,5630000,2757000,2873000
1982,青森県,1527000,736000,792000
1982,岩手県,1429000,691000,738000
1982,宮城県,2125000,1047000,1078000
1982,秋田県,1258000,603000,655000
1982,山形県,1257000,608000,649000
1982,福島県,2052000,999000,1053000
1982,茨城県,2636000,1312000,1324000
1982,栃木県,1822000,901000,920000
1982,群馬県,1879000,925000,954000
1982,埼玉県,5615000,2837000,2778000
1982,千葉県,4923000,2476000,2447000
1982,東京都,11650000,5868000,5783000
1982,神奈川県,7127000,3644000,3483000
1982,新潟県,2465000,1200000,1265000
1982,富山県,1110000,535000,574000
1982,石川県,1134000,550000,585000
1982,福井県,803000,389000,414000
1982,山梨県,813000,397000,417000
1982,長野県,2102000,1019000,1083000
1982,岐阜県,1990000,968000,1022000
1982,静岡県,3498000,1722000,1776000
1982,愛知県,6309000,3157000,3153000
1982,三重県,1716000,833000,883000
1982,滋賀県,1112000,546000,566000
1982,京都府,2553000,1250000,1303000
1982,大阪府,8543000,4231000,4311000
1982,兵庫県,5198000,2534000,2664000
1982,奈良県,1254000,608000,645000
1982,和歌山県,1090000,524000,566000
1982,鳥取県,610000,293000,317000
1982,島根県,790000,380000,409000
1982,岡山県,1891000,915000,976000
1982,広島県,2777000,1355000,1422000
1982,山口県,1597000,764000,833000
1982,徳島県,830000,398000,432000
1982,香川県,1010000,486000,523000
1982,愛媛県,1517000,723000,794000
1982,高知県,836000,398000,438000
1982,福岡県,4632000,2235000,2396000
1982,佐賀県,873000,414000,459000
1982,長崎県,1595000,760000,834000
1982,熊本県,1811000,861000,950000
1982,大分県,1239000,588000,651000
1982,宮崎県,1166000,556000,610000
1982,鹿児島県,1801000,848000,954000
1982,沖縄県,1132000,557000,575000
1981,北海道,5605000,2748000,2857000
1981,青森県,1526000,736000,790000
1981,岩手県,1426000,690000,736000
1981,宮城県,2104000,1037000,1067000
1981,秋田県,1259000,604000,655000
1981,山形県,1255000,607000,648000
1981,福島県,2043000,995000,1049000
1981,茨城県,2595000,1291000,1304000
1981,栃木県,1807000,894000,913000
1981,群馬県,1864000,917000,947000
1981,埼玉県,5520000,2789000,2731000
1981,千葉県,4834000,2432000,2402000
1981,東京都,11626000,5857000,5769000
1981,神奈川県,7022000,3588000,3435000
1981,新潟県,2459000,1197000,1261000
1981,富山県,1106000,534000,572000
1981,石川県,1127000,546000,580000
1981,福井県,798000,386000,412000
1981,山梨県,809000,394000,415000
1981,長野県,2093000,1014000,1079000
1981,岐阜県,1975000,961000,1014000
1981,静岡県,3472000,1708000,1763000
1981,愛知県,6266000,3135000,3131000
1981,三重県,1702000,826000,877000
1981,滋賀県,1097000,538000,559000
1981,京都府,2539000,1244000,1295000
1981,大阪府,8509000,4217000,4291000
1981,兵庫県,5171000,2523000,2648000
1981,奈良県,1233000,598000,635000
1981,和歌山県,1088000,524000,565000
1981,鳥取県,607000,292000,316000
1981,島根県,787000,379000,408000
1981,岡山県,1881000,910000,971000
1981,広島県,2761000,1348000,1413000
1981,山口県,1592000,761000,830000
1981,徳島県,827000,397000,430000
1981,香川県,1005000,484000,521000
1981,愛媛県,1512000,721000,791000
1981,高知県,833000,397000,436000
1981,福岡県,4594000,2219000,2375000
1981,佐賀県,869000,413000,457000
1981,長崎県,1594000,760000,834000
1981,熊本県,1802000,857000,945000
1981,大分県,1234000,586000,649000
1981,宮崎県,1158000,553000,605000
1981,鹿児島県,1794000,844000,950000
1981,沖縄県,1119000,550000,569000
1980,北海道,5575989,2737089,2838900
1980,青森県,1523907,735444,788463
1980,岩手県,1421927,688460,733467
1980,宮城県,2082320,1025903,1056417
1980,秋田県,1256745,603403,653342
1980,山形県,1251917,605407,646510
1980,福島県,2035272,990575,1044697
1980,茨城県,2558007,1272533,1285474
1980,栃木県,1792201,885573,906628
1980,群馬県,1848562,908871,939691
1980,埼玉県,5420480,2739175,2681305
1980,千葉県,4735424,2383157,2352267
1980,東京都,11618281,5856280,5762001
1980,神奈川県,6924348,3536021,3388327
1980,新潟県,2451357,1193653,1257704
1980,富山県,1103459,532686,570773
1980,石川県,1119304,542782,576522
1980,福井県,794354,384269,410085
1980,山梨県,804256,391649,412607
1980,長野県,2083934,1008885,1075049
1980,岐阜県,1960107,954018,1006089
1980,静岡県,3446804,1695778,1751026
1980,愛知県,6221638,3112306,3109332
1980,三重県,1686936,817578,869358
1980,滋賀県,1079898,529208,550690
1980,京都府,2527330,1238365,1288965
1980,大阪府,8473446,4203838,4269608
1980,兵庫県,5144892,2512358,2632534
1980,奈良県,1209365,587067,622298
1980,和歌山県,1087012,523467,563545
1980,鳥取県,604221,289946,314275
1980,島根県,784795,377499,407296
1980,岡山県,1871023,905477,965546
1980,広島県,2739161,1336806,1402355
1980,山口県,1587079,759255,827824
1980,徳島県,825261,395994,429267
1980,香川県,999864,481104,518760
1980,愛媛県,1506637,718517,788120
1980,高知県,831275,396418,434857
1980,福岡県,4553461,2200450,2353011
1980,佐賀県,865574,410912,454662
1980,長崎県,1590564,758374,832190
1980,熊本県,1790327,850831,939496
1980,大分県,1228913,583097,645816
1980,宮崎県,1151587,550207,601380
1980,鹿児島県,1784623,839392,945231
1980,沖縄県,1106559,543692,562867
1979,北海道,5535000,2717000,2818000
1979,青森県,1516000,732000,784000
1979,岩手県,1416000,685000,730000
1979,宮城県,2059000,1013000,1045000
1979,秋田県,1254000,602000,652000
1979,山形県,1247000,603000,644000
1979,福島県,2023000,984000,1039000
1979,茨城県,2510000,1248000,1262000
1979,栃木県,1775000,877000,899000
1979,群馬県,1833000,900000,933000
1979,埼玉県,5318000,2687000,2631000
1979,千葉県,4626000,2329000,2297000
1979,東京都,11637000,5867000,5769000
1979,神奈川県,6832000,3490000,3342000
1979,新潟県,2439000,1187000,1252000
1979,富山県,1098000,530000,568000
1979,石川県,1110000,539000,572000
1979,福井県,791000,383000,408000
1979,山梨県,800000,389000,411000
1979,長野県,2074000,1004000,1070000
1979,岐阜県,1943000,946000,997000
1979,静岡県,3423000,1684000,1739000
1979,愛知県,6171000,3087000,3084000
1979,三重県,1672000,810000,862000
1979,滋賀県,1061000,520000,542000
1979,京都府,2512000,1232000,1280000
1979,大阪府,8445000,4193000,4253000
1979,兵庫県,5119000,2502000,2616000
1979,奈良県,1181000,574000,607000
1979,和歌山県,1086000,524000,562000
1979,鳥取県,600000,288000,312000
1979,島根県,782000,376000,406000
1979,岡山県,1861000,901000,960000
1979,広島県,2717000,1325000,1391000
1979,山口県,1583000,758000,825000
1979,徳島県,822000,395000,427000
1979,香川県,993000,478000,516000
1979,愛媛県,1500000,716000,785000
1979,高知県,829000,395000,434000
1979,福岡県,4506000,2177000,2328000
1979,佐賀県,860000,408000,452000
1979,長崎県,1588000,758000,830000
1979,熊本県,1777000,844000,933000
1979,大分県,1223000,580000,643000
1979,宮崎県,1141000,545000,596000
1979,鹿児島県,1773000,834000,939000
1979,沖縄県,1094000,537000,556000
1978,北海道,5490000,2695000,2795000
1978,青森県,1507000,728000,779000
1978,岩手県,1409000,682000,727000
1978,宮城県,2032000,1000000,1032000
1978,秋田県,1250000,600000,650000
1978,山形県,1241000,599000,641000
1978,福島県,2012000,977000,1034000
1978,茨城県,2463000,1223000,1240000
1978,栃木県,1753000,865000,888000
1978,群馬県,1817000,892000,925000
1978,埼玉県,5208000,2631000,2577000
1978,千葉県,4508000,2271000,2237000
1978,東京都,11659000,5883000,5776000
1978,神奈川県,6728000,3439000,3289000
1978,新潟県,2428000,1181000,1247000
1978,富山県,1092000,527000,565000
1978,石川県,1100000,534000,566000
1978,福井県,787000,381000,406000
1978,山梨県,796000,387000,409000
1978,長野県,2062000,997000,1064000
1978,岐阜県,1927000,938000,989000
1978,静岡県,3396000,1670000,1726000
1978,愛知県,6115000,3059000,3056000
1978,三重県,1661000,805000,856000
1978,滋賀県,1043000,511000,532000
1978,京都府,2494000,1224000,1271000
1978,大阪府,8412000,4180000,4232000
1978,兵庫県,5093000,2493000,2600000
1978,奈良県,1152000,560000,592000
1978,和歌山県,1084000,523000,561000
1978,鳥取県,595000,285000,310000
1978,島根県,779000,374000,405000
1978,岡山県,1850000,896000,954000
1978,広島県,2703000,1320000,1383000
1978,山口県,1579000,756000,823000
1978,徳島県,818000,392000,425000
1978,香川県,986000,474000,512000
1978,愛媛県,1493000,712000,781000
1978,高知県,824000,392000,431000
1978,福岡県,4460000,2155000,2305000
1978,佐賀県,854000,404000,449000
1978,長崎県,1587000,758000,829000
1978,熊本県,1763000,837000,926000
1978,大分県,1215000,575000,639000
1978,宮崎県,1127000,538000,589000
1978,鹿児島県,1760000,826000,933000
1978,沖縄県,1081000,530000,551000
1977,北海道,5443000,2673000,2770000
1977,青森県,1496000,722000,774000
1977,岩手県,1401000,677000,724000
1977,宮城県,2008000,988000,1020000
1977,秋田県,1245000,597000,647000
1977,山形県,1234000,596000,639000
1977,福島県,1998000,970000,1029000
1977,茨城県,2417000,1200000,1218000
1977,栃木県,1736000,856000,880000
1977,群馬県,1799000,882000,917000
1977,埼玉県,5091000,2573000,2518000
1977,千葉県,4382000,2209000,2173000
1977,東京都,11669000,5894000,5775000
1977,神奈川県,6616000,3385000,3230000
1977,新潟県,2417000,1175000,1242000
1977,富山県,1085000,523000,562000
1977,石川県,1091000,529000,562000
1977,福井県,783000,379000,405000
1977,山梨県,792000,385000,407000
1977,長野県,2048000,990000,1058000
1977,岐阜県,1909000,929000,980000
1977,静岡県,3368000,1657000,1712000
1977,愛知県,6052000,3028000,3024000
1977,三重県,1649000,799000,850000
1977,滋賀県,1026000,503000,523000
1977,京都府,2474000,1214000,1260000
1977,大阪府,8373000,4167000,4207000
1977,兵庫県,5063000,2481000,2582000
1977,奈良県,1124000,546000,578000
1977,和歌山県,1080000,522000,558000
1977,鳥取県,591000,282000,308000
1977,島根県,775000,372000,404000
1977,岡山県,1840000,891000,949000
1977,広島県,2689000,1315000,1374000
1977,山口県,1573000,753000,820000
1977,徳島県,813000,390000,423000
1977,香川県,979000,471000,508000
1977,愛媛県,1486000,709000,778000
1977,高知県,819000,390000,429000
1977,福岡県,4411000,2131000,2280000
1977,佐賀県,848000,401000,447000
1977,長崎県,1582000,756000,826000
1977,熊本県,1747000,828000,919000
1977,大分県,1207000,572000,635000
1977,宮崎県,1114000,531000,583000
1977,鹿児島県,1747000,819000,928000
1977,沖縄県,1071000,526000,545000
1976,北海道,5395000,2650000,2745000
1976,青森県,1484000,715000,768000
1976,岩手県,1395000,674000,721000
1976,宮城県,1984000,975000,1008000
1976,秋田県,1239000,595000,645000
1976,山形県,1227000,591000,636000
1976,福島県,1984000,962000,1022000
1976,茨城県,2380000,1179000,1200000
1976,栃木県,1717000,846000,872000
1976,群馬県,1778000,871000,907000
1976,埼玉県,4964000,2509000,2455000
1976,千葉県,4267000,2153000,2114000
1976,東京都,11674000,5904000,5770000
1976,神奈川県,6510000,3337000,3173000
1976,新潟県,2406000,1169000,1237000
1976,富山県,1079000,519000,559000
1976,石川県,1082000,525000,557000
1976,福井県,779000,377000,403000
1976,山梨県,787000,382000,405000
1976,長野県,2033000,981000,1052000
1976,岐阜県,1889000,918000,970000
1976,静岡県,3341000,1643000,1698000
1976,愛知県,5988000,2997000,2992000
1976,三重県,1638000,793000,845000
1976,滋賀県,1006000,492000,513000
1976,京都府,2452000,1203000,1249000
1976,大阪府,8330000,4151000,4179000
1976,兵庫県,5029000,2468000,2561000
1976,奈良県,1098000,534000,565000
1976,和歌山県,1077000,520000,557000
1976,鳥取県,586000,280000,306000
1976,島根県,771000,369000,402000
1976,岡山県,1829000,886000,943000
1976,広島県,2670000,1307000,1363000
1976,山口県,1564000,749000,816000
1976,徳島県,809000,388000,422000
1976,香川県,970000,466000,504000
1976,愛媛県,1476000,704000,772000
1976,高知県,814000,387000,427000
1976,福岡県,4353000,2101000,2252000
1976,佐賀県,842000,398000,445000
1976,長崎県,1576000,753000,823000
1976,熊本県,1731000,819000,912000
1976,大分県,1199000,567000,632000
1976,宮崎県,1100000,523000,576000
1976,鹿児島県,1735000,812000,923000
1976,沖縄県,1058000,519000,539000
1975,北海道,5338206,2621285,2716921
1975,青森県,1468646,707232,761414
1975,岩手県,1385563,668193,717370
1975,宮城県,1955267,960245,995022
1975,秋田県,1232481,590492,641989
1975,山形県,1220302,586918,633384
1975,福島県,1970616,953449,1017167
1975,茨城県,2342198,1159707,1182491
1975,栃木県,1698003,834794,863209
1975,群馬県,1756480,859364,897116
1975,埼玉県,4821340,2437128,2384212
1975,千葉県,4149147,2095295,2053852
1975,東京都,11673554,5913373,5760181
1975,神奈川県,6397748,3287118,3110630
1975,新潟県,2391938,1160869,1231069
1975,富山県,1070791,514991,555800
1975,石川県,1069872,518594,551278
1975,福井県,773599,373416,400183
1975,山梨県,783050,379283,403767
1975,長野県,2017564,972471,1045093
1975,岐阜県,1867978,907382,960596
1975,静岡県,3308799,1627797,1681002
1975,愛知県,5923569,2966388,2957181
1975,三重県,1626002,787280,838722
1975,滋賀県,985621,481733,503888
1975,京都府,2424856,1190854,1234002
1975,大阪府,8278925,4132495,4146430
1975,兵庫県,4992140,2453277,2538863
1975,奈良県,1077491,523633,553858
1975,和歌山県,1072118,517868,554250
1975,鳥取県,581311,277151,304160
1975,島根県,768886,367060,401826
1975,岡山県,1814305,878132,936173
1975,広島県,2646324,1296677,1349647
1975,山口県,1555218,743833,811385
1975,徳島県,805166,384812,420354
1975,香川県,961292,461370,499922
1975,愛媛県,1465215,697794,767421
1975,高知県,808397,383538,424859
1975,福岡県,4292963,2070190,2222773
1975,佐賀県,837674,394661,443013
1975,長崎県,1571912,750418,821494
1975,熊本県,1715273,809998,905275
1975,大分県,1190314,561760,628554
1975,宮崎県,1085055,515236,569819
1975,鹿児島県,1723902,804365,919537
1975,沖縄県,1042572,510754,531818
